id,nombre,correo,asunto,equipo,mensaje,codigoRecibo,prioridad,fechaRegistro,status,idUsuario,fechaConclusion,activo
1,Benny Fitzgerald,benny.fitzgerald@yahoo.com,"Et iusto odio dignissimos ducimus, qui blanditiis praesentium voluptatum deleniti atque corrupti, quos dolores et quas molestias excepturi sint, obcaecati cupiditate non provident, similique.","Et iusto odio dignissimos ducimus, qui blanditiis praesentium voluptatum deleniti atque corrupti, quos dolores et quas molestias excepturi sint, obcaecati cupiditate non provident, similique.","Et iusto odio dignissimos ducimus, qui blanditiis praesentium voluptatum deleniti atque corrupti, quos dolores et quas molestias excepturi sint, obcaecati cupiditate non provident, similique.",CIK-086186-F,Alta,2024-11-09T16:57:27+00:00,Open,11,2024-11-09T16:57:27+00:00,0
2,Ellsworth Balnaves,ellsworth.balnaves@yahoo.com.br,Totum Epicurum paene e philosophorum choro sustulisti. Quid.,Totum Epicurum paene e philosophorum choro sustulisti. Quid.,Totum Epicurum paene e philosophorum choro sustulisti. Quid.,RIO-297924-S,Media,2024-03-08T17:48:21+00:00,Resolved,33,2024-03-08T17:48:21+00:00,1
3,Rosabelle Mulqueeny,rosabelle.mulqueeny@hotmail.com,"Epicuri sententiae satis notae sunt. Atque eos, quos nominavi, cum inciderit, ut id apte fieri possit, ut ab.","Epicuri sententiae satis notae sunt. Atque eos, quos nominavi, cum inciderit, ut id apte fieri possit, ut ab.","Epicuri sententiae satis notae sunt. Atque eos, quos nominavi, cum inciderit, ut id apte fieri possit, ut ab.",GRO-759516-F,Alta,2024-03-31T22:04:29+00:00,Closed,40,2024-03-31T22:04:29+00:00,1
4,Kerry Carruth,kerry.carruth@hotmail.com,"Ipsos diligamus, idcirco et hoc ipsum efficitur in amicitia, et amicitia cum voluptate vivere. Nec enim habet nostra mens quicquam, ubi consistat tamquam in extremo, omnesque.","Ipsos diligamus, idcirco et hoc ipsum efficitur in amicitia, et amicitia cum voluptate vivere. Nec enim habet nostra mens quicquam, ubi consistat tamquam in extremo, omnesque.","Ipsos diligamus, idcirco et hoc ipsum efficitur in amicitia, et amicitia cum voluptate vivere. Nec enim habet nostra mens quicquam, ubi consistat tamquam in extremo, omnesque.",IZW-239374-V,Baja,2024-06-28T19:57:11+00:00,Open,64,2024-06-28T19:57:11+00:00,1
5,Phylis Tye,phylis.tye@aol.com,"Memoria voluptatis affert? Nec mihi illud dixeris: 'Haec enim ipsa mihi sunt voluptati, et erant illa Torquatis.' Numquam hoc ita defendit Epicurus neque Metrodorus.","Memoria voluptatis affert? Nec mihi illud dixeris: 'Haec enim ipsa mihi sunt voluptati, et erant illa Torquatis.' Numquam hoc ita defendit Epicurus neque Metrodorus.","Memoria voluptatis affert? Nec mihi illud dixeris: 'Haec enim ipsa mihi sunt voluptati, et erant illa Torquatis.' Numquam hoc ita defendit Epicurus neque Metrodorus.",EIW-460131-E,Alta,2024-06-15T17:49:05+00:00,Closed,60,2024-06-15T17:49:05+00:00,0
6,Davidde Pendleton,davidde.pendleton@ymail.com,"Ortum esse e corpore et ad dolores ita paratus est, ut meminerit maximos morte finiri, parvos multa habere intervalla requietis, mediocrium nos esse dominos, ut, si tolerabiles sint, feramus, si minus, animo aequo e vita, cum ea non placeat.","Ortum esse e corpore et ad dolores ita paratus est, ut meminerit maximos morte finiri, parvos multa habere intervalla requietis, mediocrium nos esse dominos, ut, si tolerabiles sint, feramus, si minus, animo aequo e vita, cum ea non placeat.","Ortum esse e corpore et ad dolores ita paratus est, ut meminerit maximos morte finiri, parvos multa habere intervalla requietis, mediocrium nos esse dominos, ut, si tolerabiles sint, feramus, si minus, animo aequo e vita, cum ea non placeat.",TAH-860027-V,Baja,2024-02-25T05:10:36+00:00,Cancelled,30,2024-02-25T05:10:36+00:00,0
7,Kevan Salterne,kevan.salterne@optonline.net,"Minime esse deterritum. Quae cum tota res (est) ficta pueriliter, tum ne.","Minime esse deterritum. Quae cum tota res (est) ficta pueriliter, tum ne.","Minime esse deterritum. Quae cum tota res (est) ficta pueriliter, tum ne.",NIO-236918-E,Media,2023-11-26T00:35:31+00:00,In Progress,5,2023-11-26T00:35:31+00:00,1
8,Clarke Larose,clarke.larose@ig.com.br,"Movet et cum iucunditate quadam percipitur sensibus, sed maximam.","Movet et cum iucunditate quadam percipitur sensibus, sed maximam.","Movet et cum iucunditate quadam percipitur sensibus, sed maximam.",EJC-392942-J,Media,2024-09-03T08:08:46+00:00,Closed,82,2024-09-03T08:08:46+00:00,1
9,Nefen Macek,nefen.macek@gmail.com,"Praesentibus non fruuntur, futura modo expectant, quae quia certa esse non possunt et, si essent vera, nihil afferrent, quo iucundius, id est quo melius viveremus, eas ergo artes.","Praesentibus non fruuntur, futura modo expectant, quae quia certa esse non possunt et, si essent vera, nihil afferrent, quo iucundius, id est quo melius viveremus, eas ergo artes.","Praesentibus non fruuntur, futura modo expectant, quae quia certa esse non possunt et, si essent vera, nihil afferrent, quo iucundius, id est quo melius viveremus, eas ergo artes.",OMG-378872-S,Alta,2024-06-19T04:39:43+00:00,On Hold,61,2024-06-19T04:39:43+00:00,0
10,Cicily Audley,cicily.audley@hotmail.com,"Vita suppetet; et tamen, qui diligenter haec, quae vitam omnem continent, neglegentur? Nam, ut sint illa vendibiliora, haec.","Vita suppetet; et tamen, qui diligenter haec, quae vitam omnem continent, neglegentur? Nam, ut sint illa vendibiliora, haec.","Vita suppetet; et tamen, qui diligenter haec, quae vitam omnem continent, neglegentur? Nam, ut sint illa vendibiliora, haec.",SIA-783507-U,Media,2024-01-04T10:16:53+00:00,Closed,16,2024-01-04T10:16:53+00:00,0
11,Stacee Bente,stacee.bente@yahoo.com,"Mens quicquam, ubi consistat tamquam in.","Mens quicquam, ubi consistat tamquam in.","Mens quicquam, ubi consistat tamquam in.",GBK-406242-A,Alta,2024-09-12T04:23:46+00:00,In Progress,47,2024-09-12T04:23:46+00:00,1
12,Husain Fewlass,husain.fewlass@hotmail.fr,"Sed ex eo perciperet corpore voluptatem, aut cum Latinis tertio consulatu conflixisse apud Veserim propter voluptatem; cum autem usus progrediens.","Sed ex eo perciperet corpore voluptatem, aut cum Latinis tertio consulatu conflixisse apud Veserim propter voluptatem; cum autem usus progrediens.","Sed ex eo perciperet corpore voluptatem, aut cum Latinis tertio consulatu conflixisse apud Veserim propter voluptatem; cum autem usus progrediens.",ZWW-410960-U,Baja,2024-07-07T23:33:09+00:00,Cancelled,47,2024-07-07T23:33:09+00:00,0
13,Nannette Siehard,nannette.siehard@hotmail.com,"Utens nihil quieti videre, nihil tranquilli potest. Quodsi corporis gravioribus morbis vitae iucunditas impeditur, quanto magis animi morbis impediri necesse est! Animi autem voluptates et dolores nasci fatemur e corporis.","Utens nihil quieti videre, nihil tranquilli potest. Quodsi corporis gravioribus morbis vitae iucunditas impeditur, quanto magis animi morbis impediri necesse est! Animi autem voluptates et dolores nasci fatemur e corporis.","Utens nihil quieti videre, nihil tranquilli potest. Quodsi corporis gravioribus morbis vitae iucunditas impeditur, quanto magis animi morbis impediri necesse est! Animi autem voluptates et dolores nasci fatemur e corporis.",WVG-949574-V,Media,2024-04-29T01:29:34+00:00,On Hold,56,2024-04-29T01:29:34+00:00,0
14,Bernice Ronca,bernice.ronca@gmail.com,Cum ipsi naturae patrioque amori praetulerit ius maiestatis atque imperii.,Cum ipsi naturae patrioque amori praetulerit ius maiestatis atque imperii.,Cum ipsi naturae patrioque amori praetulerit ius maiestatis atque imperii.,LOF-588600-Q,Baja,2024-04-26T14:06:59+00:00,Closed,66,2024-04-26T14:06:59+00:00,1
15,Carmella Dusting,carmella.dusting@ymail.com,Nisi cum voluptate vivatur. Quoniam autem id est laborum et dolorum fuga. Et harum quidem rerum facilis est et ad tranquillitatem ferant.,Nisi cum voluptate vivatur. Quoniam autem id est laborum et dolorum fuga. Et harum quidem rerum facilis est et ad tranquillitatem ferant.,Nisi cum voluptate vivatur. Quoniam autem id est laborum et dolorum fuga. Et harum quidem rerum facilis est et ad tranquillitatem ferant.,XZX-281977-D,Alta,2024-01-29T00:03:15+00:00,Cancelled,34,2024-01-29T00:03:15+00:00,1
16,Janek Boorman,janek.boorman@yahoo.com,"Animum, ne quod aut sempiternum.","Animum, ne quod aut sempiternum.","Animum, ne quod aut sempiternum.",IDG-298145-W,Baja,2024-05-30T16:28:10+00:00,In Progress,57,2024-05-30T16:28:10+00:00,1
17,Case Baldery,case.baldery@hotmail.com,"Diu sit in corpore. Non placet autem detracta voluptate aegritudinem statim consequi, nisi in voluptatis.","Diu sit in corpore. Non placet autem detracta voluptate aegritudinem statim consequi, nisi in voluptatis.","Diu sit in corpore. Non placet autem detracta voluptate aegritudinem statim consequi, nisi in voluptatis.",DOE-095758-P,Media,2024-01-03T19:02:57+00:00,Resolved,94,2024-01-03T19:02:57+00:00,0
18,Rollo Pyne,rollo.pyne@gmail.com,Artifex conquirendae et comparandae voluptatis.,Artifex conquirendae et comparandae voluptatis.,Artifex conquirendae et comparandae voluptatis.,KNR-259478-D,Baja,2024-07-07T06:36:28+00:00,On Hold,71,2024-07-07T06:36:28+00:00,1
19,Ruth Maulkin,ruth.maulkin@aol.com,"Choro sustulisti. Quid ei reliquisti, nisi te, quoquo modo loqueretur, intellegere, quid diceret? Aliena dixit in physicis nec ea ipsa, quae tibi probarentur; si qua in iis corrigere voluit, deteriora fecit. Disserendi artem.","Choro sustulisti. Quid ei reliquisti, nisi te, quoquo modo loqueretur, intellegere, quid diceret? Aliena dixit in physicis nec ea ipsa, quae tibi probarentur; si qua in iis corrigere voluit, deteriora fecit. Disserendi artem.","Choro sustulisti. Quid ei reliquisti, nisi te, quoquo modo loqueretur, intellegere, quid diceret? Aliena dixit in physicis nec ea ipsa, quae tibi probarentur; si qua in iis corrigere voluit, deteriora fecit. Disserendi artem.",LOI-057780-Q,Alta,2024-08-02T21:39:32+00:00,Cancelled,58,2024-08-02T21:39:32+00:00,0
20,Darci Pennuzzi,darci.pennuzzi@uol.com.br,"Sunt in culpa qui officia deserunt mollit anim id est in Ceramico Chrysippi sedentis porrecta manu, quae manus significet illum in hae esse rogatiuncula delectatum: 'Numquidnam manus tua sic affecta, quem ad modum.","Sunt in culpa qui officia deserunt mollit anim id est in Ceramico Chrysippi sedentis porrecta manu, quae manus significet illum in hae esse rogatiuncula delectatum: 'Numquidnam manus tua sic affecta, quem ad modum.","Sunt in culpa qui officia deserunt mollit anim id est in Ceramico Chrysippi sedentis porrecta manu, quae manus significet illum in hae esse rogatiuncula delectatum: 'Numquidnam manus tua sic affecta, quem ad modum.",GSJ-907694-X,Media,2024-03-10T11:36:28+00:00,In Progress,91,2024-03-10T11:36:28+00:00,0
21,Saunderson Jillitt,saunderson.jillitt@hotmail.com,"Et ii quidem eruditi Graecis litteris, contemnentes Latinas, qui se plane Graecum dici velit, ut a Scaevola est.","Et ii quidem eruditi Graecis litteris, contemnentes Latinas, qui se plane Graecum dici velit, ut a Scaevola est.","Et ii quidem eruditi Graecis litteris, contemnentes Latinas, qui se plane Graecum dici velit, ut a Scaevola est.",GJY-736673-S,Baja,2024-06-02T19:48:28+00:00,Closed,24,2024-06-02T19:48:28+00:00,1
22,Galvin Rowdell,galvin.rowdell@yahoo.com,"Imperii disciplinam exercitumque in gravissimo bello animadversionis metu contineret, saluti prospexit civium, qua intellegebat contineri suam. Atque haec ratio late patet. In quo enim maxime consuevit iactare vestra se oratio, tua praesertim, qui studiose antiqua persequeris.","Imperii disciplinam exercitumque in gravissimo bello animadversionis metu contineret, saluti prospexit civium, qua intellegebat contineri suam. Atque haec ratio late patet. In quo enim maxime consuevit iactare vestra se oratio, tua praesertim, qui studiose antiqua persequeris.","Imperii disciplinam exercitumque in gravissimo bello animadversionis metu contineret, saluti prospexit civium, qua intellegebat contineri suam. Atque haec ratio late patet. In quo enim maxime consuevit iactare vestra se oratio, tua praesertim, qui studiose antiqua persequeris.",WAE-932169-J,Baja,2024-08-28T05:07:41+00:00,Cancelled,43,2024-08-28T05:07:41+00:00,0
23,Madelene Elson,madelene.elson@gmail.com,"Quidem, sed ista sequimur, ut sine cura metuque vivamus animumque et corpus, quantum efficere possimus, molestia liberemus. Ut enim medicorum scientiam non ipsius artis, sed bonae valetudinis causa.","Quidem, sed ista sequimur, ut sine cura metuque vivamus animumque et corpus, quantum efficere possimus, molestia liberemus. Ut enim medicorum scientiam non ipsius artis, sed bonae valetudinis causa.","Quidem, sed ista sequimur, ut sine cura metuque vivamus animumque et corpus, quantum efficere possimus, molestia liberemus. Ut enim medicorum scientiam non ipsius artis, sed bonae valetudinis causa.",DMW-258615-H,Alta,2024-01-28T20:35:30+00:00,In Progress,34,2024-01-28T20:35:30+00:00,0
24,Roslyn Cawkill,roslyn.cawkill@hotmail.com,Illa constituto veri a falso distinctio traditur. Restat locus huic.,Illa constituto veri a falso distinctio traditur. Restat locus huic.,Illa constituto veri a falso distinctio traditur. Restat locus huic.,TKQ-583640-J,Media,2024-10-16T18:42:49+00:00,On Hold,72,2024-10-16T18:42:49+00:00,1
25,Fancie Blance,fancie.blance@hotmail.com,"Vel dicam aut oratoribus bonis aut poetis, postea quidem quam fuit quem imitarentur, ullus orationis vel copiosae vel elegantis ornatus defuit? Ego vero, quoniam forensibus operis, laboribus, periculis non deseruisse mihi videor.","Vel dicam aut oratoribus bonis aut poetis, postea quidem quam fuit quem imitarentur, ullus orationis vel copiosae vel elegantis ornatus defuit? Ego vero, quoniam forensibus operis, laboribus, periculis non deseruisse mihi videor.","Vel dicam aut oratoribus bonis aut poetis, postea quidem quam fuit quem imitarentur, ullus orationis vel copiosae vel elegantis ornatus defuit? Ego vero, quoniam forensibus operis, laboribus, periculis non deseruisse mihi videor.",SNY-339326-J,Baja,2024-07-25T00:43:50+00:00,Closed,88,2024-07-25T00:43:50+00:00,0
26,Oona Strowger,oona.strowger@sfr.fr,"Rerum hic tenetur a sapiente delectus, ut aut reiciendis voluptatibus maiores alias consequatur aut perferendis.","Rerum hic tenetur a sapiente delectus, ut aut reiciendis voluptatibus maiores alias consequatur aut perferendis.","Rerum hic tenetur a sapiente delectus, ut aut reiciendis voluptatibus maiores alias consequatur aut perferendis.",OMN-270158-I,Baja,2024-06-06T09:26:29+00:00,Cancelled,24,2024-06-06T09:26:29+00:00,0
27,Hendrika Lazar,hendrika.lazar@outlook.com,"Ad corpus referri, nec ob eam causam non fuisse. -- Torquem detraxit hosti. -- Et quidem se texit, ne interiret. .","Ad corpus referri, nec ob eam causam non fuisse. -- Torquem detraxit hosti. -- Et quidem se texit, ne interiret. .","Ad corpus referri, nec ob eam causam non fuisse. -- Torquem detraxit hosti. -- Et quidem se texit, ne interiret. .",GKQ-710050-D,Baja,2024-10-04T10:40:33+00:00,Closed,67,2024-10-04T10:40:33+00:00,0
28,Jessamyn Dicey,jessamyn.dicey@hotmail.com,"Autem illud vel maxime, quod ipsa natura divitias, quibus contenta sit, et parabilis et terminatas habet; inanium autem cupiditatum nec modus est ullus investigandi veri, nisi inveneris, et quaerendi defatigatio turpis est.","Autem illud vel maxime, quod ipsa natura divitias, quibus contenta sit, et parabilis et terminatas habet; inanium autem cupiditatum nec modus est ullus investigandi veri, nisi inveneris, et quaerendi defatigatio turpis est.","Autem illud vel maxime, quod ipsa natura divitias, quibus contenta sit, et parabilis et terminatas habet; inanium autem cupiditatum nec modus est ullus investigandi veri, nisi inveneris, et quaerendi defatigatio turpis est.",EGW-461455-M,Alta,2024-02-05T00:38:35+00:00,On Hold,81,2024-02-05T00:38:35+00:00,0
29,Sidney Snoddin,sidney.snoddin@outlook.com,Id in hominum consuetudine facilius fieri poterit et.,Id in hominum consuetudine facilius fieri poterit et.,Id in hominum consuetudine facilius fieri poterit et.,DTY-597571-C,Baja,2024-04-12T20:46:32+00:00,On Hold,80,2024-04-12T20:46:32+00:00,1
30,Georges Kyndred,georges.kyndred@hotmail.co.uk,"Dolorem? Sunt autem quidam e nostris, et scribentur fortasse plura, si vita suppetet; et tamen, qui diligenter haec, quae vitam omnem continent.","Dolorem? Sunt autem quidam e nostris, et scribentur fortasse plura, si vita suppetet; et tamen, qui diligenter haec, quae vitam omnem continent.","Dolorem? Sunt autem quidam e nostris, et scribentur fortasse plura, si vita suppetet; et tamen, qui diligenter haec, quae vitam omnem continent.",LJK-694777-U,Media,2024-03-10T01:42:14+00:00,Closed,19,2024-03-10T01:42:14+00:00,1
31,Maxy Frame,maxy.frame@hotmail.com,"Quia tutiorem vitam et voluptatem ipsam per se ipsam causam non fuisse. -- Torquem detraxit hosti. -- Et quidem se texit, ne interiret. -- At magnum.","Quia tutiorem vitam et voluptatem ipsam per se ipsam causam non fuisse. -- Torquem detraxit hosti. -- Et quidem se texit, ne interiret. -- At magnum.","Quia tutiorem vitam et voluptatem ipsam per se ipsam causam non fuisse. -- Torquem detraxit hosti. -- Et quidem se texit, ne interiret. -- At magnum.",EYW-418575-I,Media,2024-09-24T01:53:36+00:00,Resolved,73,2024-09-24T01:53:36+00:00,1
32,Debera Behne,debera.behne@hotmail.fr,"Voluptatem. Quaeque de virtutibus dicta sunt, quem ad modum sit affectus, et firmitatem animi nec mortem nec dolorem timentis, quod mors sensu careat, dolor in longinquitate levis, in gravitate brevis soleat esse, ut.","Voluptatem. Quaeque de virtutibus dicta sunt, quem ad modum sit affectus, et firmitatem animi nec mortem nec dolorem timentis, quod mors sensu careat, dolor in longinquitate levis, in gravitate brevis soleat esse, ut.","Voluptatem. Quaeque de virtutibus dicta sunt, quem ad modum sit affectus, et firmitatem animi nec mortem nec dolorem timentis, quod mors sensu careat, dolor in longinquitate levis, in gravitate brevis soleat esse, ut.",GQJ-847732-S,Baja,2024-02-04T05:38:00+00:00,In Progress,54,2024-02-04T05:38:00+00:00,0
33,Roseline Killiam,roseline.killiam@gmail.com,"Modo probantur, tamen Democritum laudatum a ceteris ab hoc, qui eum unum secutus esset, nollem vituperatum. Iam in altera philosophiae parte. Quae est quaerendi ac disserendi, quae logikh dicitur, iste vester plane, ut mihi videtur, expediunt. Ut enim aeque doleamus animo, cum corpore dolemus, fieri tamen permagna accessio potest, si aliquod aeternum.","Modo probantur, tamen Democritum laudatum a ceteris ab hoc, qui eum unum secutus esset, nollem vituperatum. Iam in altera philosophiae parte. Quae est quaerendi ac disserendi, quae logikh dicitur, iste vester plane, ut mihi videtur, expediunt. Ut enim aeque doleamus animo, cum corpore dolemus, fieri tamen permagna accessio potest, si aliquod aeternum.","Modo probantur, tamen Democritum laudatum a ceteris ab hoc, qui eum unum secutus esset, nollem vituperatum. Iam in altera philosophiae parte. Quae est quaerendi ac disserendi, quae logikh dicitur, iste vester plane, ut mihi videtur, expediunt. Ut enim aeque doleamus animo, cum corpore dolemus, fieri tamen permagna accessio potest, si aliquod aeternum.",MBQ-130545-U,Baja,2024-07-10T06:06:22+00:00,In Progress,93,2024-07-10T06:06:22+00:00,0
34,Putnem Rickard,putnem.rickard@gmail.com,"Fecisse aut in liberos atque in sanguinem suum tam crudelis fuisse, nihil ut de.","Fecisse aut in liberos atque in sanguinem suum tam crudelis fuisse, nihil ut de.","Fecisse aut in liberos atque in sanguinem suum tam crudelis fuisse, nihil ut de.",VPR-130814-M,Media,2024-05-29T07:12:02+00:00,Open,55,2024-05-29T07:12:02+00:00,1
35,Gilberta Kelle,gilberta.kelle@yahoo.com,"Repugnantibus, verum etiam summam voluptatem. Quisquis enim sentit, quem ad me de virtute misisti. Sed ex eo perciperet corpore voluptatem, aut.","Repugnantibus, verum etiam summam voluptatem. Quisquis enim sentit, quem ad me de virtute misisti. Sed ex eo perciperet corpore voluptatem, aut.","Repugnantibus, verum etiam summam voluptatem. Quisquis enim sentit, quem ad me de virtute misisti. Sed ex eo perciperet corpore voluptatem, aut.",CSL-131703-K,Alta,2024-08-29T09:38:13+00:00,Resolved,69,2024-08-29T09:38:13+00:00,0
36,Conrado Bonifant,conrado.bonifant@yahoo.com,"Cognoscerem, quoniam mihi ea facultas, ut id meo arbitratu facerem, ante hoc tempus numquam est afferat, eorum tamen utrumque et ortum esse e corpore.","Cognoscerem, quoniam mihi ea facultas, ut id meo arbitratu facerem, ante hoc tempus numquam est afferat, eorum tamen utrumque et ortum esse e corpore.","Cognoscerem, quoniam mihi ea facultas, ut id meo arbitratu facerem, ante hoc tempus numquam est afferat, eorum tamen utrumque et ortum esse e corpore.",QMX-896501-D,Media,2024-10-29T20:24:41+00:00,Cancelled,68,2024-10-29T20:24:41+00:00,0
37,Taddeusz Ingley,taddeusz.ingley@gmail.com,"Quid sit, quod Epicurum nostrum non tu quidem oderis, ut fere faciunt, qui ab eo nos abducat? Sin laboramus, quis est, qui Ennii Medeam aut Antiopam Pacuvii spernat aut reiciat, quod se isdem Euripidis fabulis delectari dicat, Latinas litteras oderit? Synephebos ego, inquit, potius Caecilii aut Andriam Terentii.","Quid sit, quod Epicurum nostrum non tu quidem oderis, ut fere faciunt, qui ab eo nos abducat? Sin laboramus, quis est, qui Ennii Medeam aut Antiopam Pacuvii spernat aut reiciat, quod se isdem Euripidis fabulis delectari dicat, Latinas litteras oderit? Synephebos ego, inquit, potius Caecilii aut Andriam Terentii.","Quid sit, quod Epicurum nostrum non tu quidem oderis, ut fere faciunt, qui ab eo nos abducat? Sin laboramus, quis est, qui Ennii Medeam aut Antiopam Pacuvii spernat aut reiciat, quod se isdem Euripidis fabulis delectari dicat, Latinas litteras oderit? Synephebos ego, inquit, potius Caecilii aut Andriam Terentii.",UMG-021775-I,Alta,2024-08-27T03:47:53+00:00,Cancelled,16,2024-08-27T03:47:53+00:00,0
38,Slade Averies,slade.averies@web.de,"Quos tu paulo ante cum memoriter, tum etiam erga nos amice et benivole collegisti, nec me tamen laudandis maioribus meis corrupisti nec segniorem ad.","Quos tu paulo ante cum memoriter, tum etiam erga nos amice et benivole collegisti, nec me tamen laudandis maioribus meis corrupisti nec segniorem ad.","Quos tu paulo ante cum memoriter, tum etiam erga nos amice et benivole collegisti, nec me tamen laudandis maioribus meis corrupisti nec segniorem ad.",SBH-714578-A,Alta,2024-09-26T20:55:24+00:00,In Progress,65,2024-09-26T20:55:24+00:00,0
39,Valene Gravenor,valene.gravenor@gmail.com,"Esse solam, quae nos vocet ad se et Consentinis et Siculis scribere. Facete is quidem, sicut alia; sed neque tam docti tum erant, ad quorum iudicium elaboraret, et sunt illius scripta leviora, ut urbanitas summa appareat, doctrina mediocris. Ego autem quem timeam lectorem, cum ad me accedis, saluto: 'chaere,' inquam, 'Tite!' lictores, turma omnis chorusque: 'chaere.","Esse solam, quae nos vocet ad se et Consentinis et Siculis scribere. Facete is quidem, sicut alia; sed neque tam docti tum erant, ad quorum iudicium elaboraret, et sunt illius scripta leviora, ut urbanitas summa appareat, doctrina mediocris. Ego autem quem timeam lectorem, cum ad me accedis, saluto: 'chaere,' inquam, 'Tite!' lictores, turma omnis chorusque: 'chaere.","Esse solam, quae nos vocet ad se et Consentinis et Siculis scribere. Facete is quidem, sicut alia; sed neque tam docti tum erant, ad quorum iudicium elaboraret, et sunt illius scripta leviora, ut urbanitas summa appareat, doctrina mediocris. Ego autem quem timeam lectorem, cum ad me accedis, saluto: 'chaere,' inquam, 'Tite!' lictores, turma omnis chorusque: 'chaere.",SHL-116121-E,Alta,2024-01-16T20:38:07+00:00,Open,39,2024-01-16T20:38:07+00:00,0
40,Fredia MacAndie,fredia.macandie@orange.fr,"Non satisfacit? Te enim iudicem aequum puto, modo quae dicat ille bene noris. Nisi mihi Phaedrum, inquam, tu mentitum aut Zenonem putas, quorum utrumque audivi, cum miraretur ille quidem utrumque, Phaedrum autem etiam amatoriis levitatibus dediti, alii petulantes, alii audaces, protervi, idem intemperantes et ignavi, numquam in sententia permanentes, quas ob causas in eorum vita nulla.","Non satisfacit? Te enim iudicem aequum puto, modo quae dicat ille bene noris. Nisi mihi Phaedrum, inquam, tu mentitum aut Zenonem putas, quorum utrumque audivi, cum miraretur ille quidem utrumque, Phaedrum autem etiam amatoriis levitatibus dediti, alii petulantes, alii audaces, protervi, idem intemperantes et ignavi, numquam in sententia permanentes, quas ob causas in eorum vita nulla.","Non satisfacit? Te enim iudicem aequum puto, modo quae dicat ille bene noris. Nisi mihi Phaedrum, inquam, tu mentitum aut Zenonem putas, quorum utrumque audivi, cum miraretur ille quidem utrumque, Phaedrum autem etiam amatoriis levitatibus dediti, alii petulantes, alii audaces, protervi, idem intemperantes et ignavi, numquam in sententia permanentes, quas ob causas in eorum vita nulla.",OOO-341875-Q,Media,2024-07-30T15:49:44+00:00,In Progress,21,2024-07-30T15:49:44+00:00,0
41,Saunders De la Perrelle,saunders.de la perrelle@hotmail.com,"Videantur. Invitat igitur vera ratio bene sanos in viam placatae, tranquillae, quietae, beatae.","Videantur. Invitat igitur vera ratio bene sanos in viam placatae, tranquillae, quietae, beatae.","Videantur. Invitat igitur vera ratio bene sanos in viam placatae, tranquillae, quietae, beatae.",YDW-271133-W,Media,2024-05-23T20:49:06+00:00,Cancelled,23,2024-05-23T20:49:06+00:00,1
42,Fulvia Guise,fulvia.guise@orange.fr,"Litteras oderit? Synephebos ego, inquit, potius Caecilii aut Andriam Terentii quam utramque Menandri legam? A quibus tantum dissentio, ut, cum Sophocles.","Litteras oderit? Synephebos ego, inquit, potius Caecilii aut Andriam Terentii quam utramque Menandri legam? A quibus tantum dissentio, ut, cum Sophocles.","Litteras oderit? Synephebos ego, inquit, potius Caecilii aut Andriam Terentii quam utramque Menandri legam? A quibus tantum dissentio, ut, cum Sophocles.",SFX-141827-A,Baja,2024-10-13T08:36:26+00:00,On Hold,4,2024-10-13T08:36:26+00:00,0
43,Sutton Sagerson,sutton.sagerson@hotmail.com,"Vera sentit, non dubitat, si ita melius sit, accedere? Statue contra aliquem confectum tantis animi corporisque doloribus, quanti in hominem maximi cadere possunt, nulla spe proposita fore.","Vera sentit, non dubitat, si ita melius sit, accedere? Statue contra aliquem confectum tantis animi corporisque doloribus, quanti in hominem maximi cadere possunt, nulla spe proposita fore.","Vera sentit, non dubitat, si ita melius sit, accedere? Statue contra aliquem confectum tantis animi corporisque doloribus, quanti in hominem maximi cadere possunt, nulla spe proposita fore.",KBW-539661-T,Baja,2024-05-26T09:00:31+00:00,In Progress,50,2024-05-26T09:00:31+00:00,0
44,Hoyt Shingler,hoyt.shingler@yahoo.com.br,"E nostris aliter existimant, quos quidem video esse multos, sed imperitos --, quamquam autem et laetitiam nobis voluptas animi et.","E nostris aliter existimant, quos quidem video esse multos, sed imperitos --, quamquam autem et laetitiam nobis voluptas animi et.","E nostris aliter existimant, quos quidem video esse multos, sed imperitos --, quamquam autem et laetitiam nobis voluptas animi et.",GAO-220173-R,Alta,2024-07-18T12:45:21+00:00,Resolved,97,2024-07-18T12:45:21+00:00,0
45,Culley Devinn,culley.devinn@hotmail.com,"Ad modum, quaeso, interpretaris? Sicine eos censes aut in liberos atque in sanguinem suum tam crudelis fuisse, nihil.","Ad modum, quaeso, interpretaris? Sicine eos censes aut in liberos atque in sanguinem suum tam crudelis fuisse, nihil.","Ad modum, quaeso, interpretaris? Sicine eos censes aut in liberos atque in sanguinem suum tam crudelis fuisse, nihil.",PDY-699064-P,Alta,2024-07-13T23:59:53+00:00,On Hold,87,2024-07-13T23:59:53+00:00,0
46,Stephan Coggles,stephan.coggles@aol.com,"Ut concursionibus inter se reprehensiones non sunt vituperandae, maledicta, contumeliae, tum iracundiae, contentiones concertationesque in disputando pertinaces indignae philosophia mihi videri solent. Tum Torquatus: Prorsus, inquit, assentior; neque enim disputari sine reprehensione nec cum istis tantopere pugnare, qui Graeca.","Ut concursionibus inter se reprehensiones non sunt vituperandae, maledicta, contumeliae, tum iracundiae, contentiones concertationesque in disputando pertinaces indignae philosophia mihi videri solent. Tum Torquatus: Prorsus, inquit, assentior; neque enim disputari sine reprehensione nec cum istis tantopere pugnare, qui Graeca.","Ut concursionibus inter se reprehensiones non sunt vituperandae, maledicta, contumeliae, tum iracundiae, contentiones concertationesque in disputando pertinaces indignae philosophia mihi videri solent. Tum Torquatus: Prorsus, inquit, assentior; neque enim disputari sine reprehensione nec cum istis tantopere pugnare, qui Graeca.",CYQ-275362-I,Media,2024-06-09T03:27:39+00:00,Cancelled,90,2024-06-09T03:27:39+00:00,0
47,Amelia Blomefield,amelia.blomefield@hotmail.com,"Sunt. Praeclare enim Epicurus his paene verbis: 'Eadem', inquit, 'scientia confirmavit animum, ne quod aut sempiternum aut diuturnum timeret malum, quae perspexit in hoc ipso vitae spatio amicitiae praesidium esse firmissimum.' Sunt autem.","Sunt. Praeclare enim Epicurus his paene verbis: 'Eadem', inquit, 'scientia confirmavit animum, ne quod aut sempiternum aut diuturnum timeret malum, quae perspexit in hoc ipso vitae spatio amicitiae praesidium esse firmissimum.' Sunt autem.","Sunt. Praeclare enim Epicurus his paene verbis: 'Eadem', inquit, 'scientia confirmavit animum, ne quod aut sempiternum aut diuturnum timeret malum, quae perspexit in hoc ipso vitae spatio amicitiae praesidium esse firmissimum.' Sunt autem.",UUG-454431-I,Baja,2024-01-05T14:49:34+00:00,Closed,21,2024-01-05T14:49:34+00:00,0
48,Berti Widger,berti.widger@verizon.net,"Suum venire vetuit, numquid tibi videtur de voluptatibus suis cogitavisse? Sed ut omittam pericula, labores, dolorem etiam, quem optimus quisque pro patria et pro.","Suum venire vetuit, numquid tibi videtur de voluptatibus suis cogitavisse? Sed ut omittam pericula, labores, dolorem etiam, quem optimus quisque pro patria et pro.","Suum venire vetuit, numquid tibi videtur de voluptatibus suis cogitavisse? Sed ut omittam pericula, labores, dolorem etiam, quem optimus quisque pro patria et pro.",MXE-454684-N,Media,2024-07-03T08:50:23+00:00,In Progress,8,2024-07-03T08:50:23+00:00,0
49,Patience Rissen,patience.rissen@live.com,Voluptate discedere. Nam cum solitudo et vita sine amicis insidiarum.,Voluptate discedere. Nam cum solitudo et vita sine amicis insidiarum.,Voluptate discedere. Nam cum solitudo et vita sine amicis insidiarum.,GAJ-720742-X,Baja,2024-03-30T09:21:35+00:00,Cancelled,27,2024-03-30T09:21:35+00:00,1
50,Elton Grumell,elton.grumell@t-online.de,"Quod adest sentire possumus, animo autem et praeterita et futura. Ut enim mortis metu omnis.","Quod adest sentire possumus, animo autem et praeterita et futura. Ut enim mortis metu omnis.","Quod adest sentire possumus, animo autem et praeterita et futura. Ut enim mortis metu omnis.",EJP-066429-S,Baja,2024-01-23T03:41:49+00:00,Open,34,2024-01-23T03:41:49+00:00,0
51,Padriac Cammacke,padriac.cammacke@gmail.com,"Est consecutus? -- Laudem et caritatem, quae sunt vitae sine metu vivere. Quae est enim contra Cyrenaicos satis acute, nihil.","Est consecutus? -- Laudem et caritatem, quae sunt vitae sine metu vivere. Quae est enim contra Cyrenaicos satis acute, nihil.","Est consecutus? -- Laudem et caritatem, quae sunt vitae sine metu vivere. Quae est enim contra Cyrenaicos satis acute, nihil.",EQA-541519-G,Media,2023-11-22T18:04:16+00:00,On Hold,33,2023-11-22T18:04:16+00:00,1
52,Bibbie Sandercroft,bibbie.sandercroft@yahoo.com,"Voluptas esset bonum, fuisse desideraturam. Idcirco enim non desideraret, quia, quod dolore caret.","Voluptas esset bonum, fuisse desideraturam. Idcirco enim non desideraret, quia, quod dolore caret.","Voluptas esset bonum, fuisse desideraturam. Idcirco enim non desideraret, quia, quod dolore caret.",VXL-823921-I,Alta,2024-05-09T05:33:22+00:00,Resolved,29,2024-05-09T05:33:22+00:00,1
53,Shoshana Jakaway,shoshana.jakaway@gmail.com,Pacem animis afferat et eos quasi concordia quadam placet ac leniat. Temperantia.,Pacem animis afferat et eos quasi concordia quadam placet ac leniat. Temperantia.,Pacem animis afferat et eos quasi concordia quadam placet ac leniat. Temperantia.,MTO-882877-C,Baja,2024-03-12T18:36:17+00:00,Open,46,2024-03-12T18:36:17+00:00,1
54,Carson Hew,carson.hew@hotmail.com,Etiam in animis nostris inesse.,Etiam in animis nostris inesse.,Etiam in animis nostris inesse.,IYC-275701-S,Alta,2024-10-28T12:50:43+00:00,In Progress,75,2024-10-28T12:50:43+00:00,1
55,Ambrosius Bruckstein,ambrosius.bruckstein@hotmail.com,Insipientiam propter molestias esse fugiendam? Eademque ratione ne temperantiam quidem.,Insipientiam propter molestias esse fugiendam? Eademque ratione ne temperantiam quidem.,Insipientiam propter molestias esse fugiendam? Eademque ratione ne temperantiam quidem.,BSJ-285924-O,Baja,2024-09-21T12:13:19+00:00,Cancelled,55,2024-09-21T12:13:19+00:00,1
56,Chelsie Woodus,chelsie.woodus@hotmail.com,"Quidque efficiat, de materia disseruerunt, vim et causam efficiendi reliquerunt. Sed hoc commune vitium.","Quidque efficiat, de materia disseruerunt, vim et causam efficiendi reliquerunt. Sed hoc commune vitium.","Quidque efficiat, de materia disseruerunt, vim et causam efficiendi reliquerunt. Sed hoc commune vitium.",DHE-966174-T,Alta,2024-10-02T14:11:42+00:00,Cancelled,18,2024-10-02T14:11:42+00:00,1
57,Shae Meeson,shae.meeson@hotmail.com,"Et parabilis et terminatas habet; inanium autem cupiditatum nec modus ullus nec finis inveniri potest. Quodsi corporis gravioribus morbis vitae iucunditas impeditur, quanto magis animi morbis impediri necesse.","Et parabilis et terminatas habet; inanium autem cupiditatum nec modus ullus nec finis inveniri potest. Quodsi corporis gravioribus morbis vitae iucunditas impeditur, quanto magis animi morbis impediri necesse.","Et parabilis et terminatas habet; inanium autem cupiditatum nec modus ullus nec finis inveniri potest. Quodsi corporis gravioribus morbis vitae iucunditas impeditur, quanto magis animi morbis impediri necesse.",SLB-295446-K,Media,2024-01-23T22:49:34+00:00,Open,88,2024-01-23T22:49:34+00:00,0
58,Marcy Starte,marcy.starte@gmail.com,"Hominum non intellegentium nihil dolendum esse animo, quod sit iudicatum. Plerique autem, quod tenere atque servare id, quod quaeritur, sit.","Hominum non intellegentium nihil dolendum esse animo, quod sit iudicatum. Plerique autem, quod tenere atque servare id, quod quaeritur, sit.","Hominum non intellegentium nihil dolendum esse animo, quod sit iudicatum. Plerique autem, quod tenere atque servare id, quod quaeritur, sit.",XBO-344815-J,Alta,2023-12-05T16:53:19+00:00,On Hold,12,2023-12-05T16:53:19+00:00,0
59,Nap Hyman,nap.hyman@yandex.ru,"Id quod maluisti, te, cum ad me accedis, saluto: 'chaere,' inquam, 'Tite!' lictores, turma omnis chorusque: 'chaere, Tite!' hinc hostis mi Albucius, hinc inimicus. Sed iure Mucius. Ego autem mirari satis non queo unde hoc sit tam insolens domesticarum rerum fastidium. Non est omnino.","Id quod maluisti, te, cum ad me accedis, saluto: 'chaere,' inquam, 'Tite!' lictores, turma omnis chorusque: 'chaere, Tite!' hinc hostis mi Albucius, hinc inimicus. Sed iure Mucius. Ego autem mirari satis non queo unde hoc sit tam insolens domesticarum rerum fastidium. Non est omnino.","Id quod maluisti, te, cum ad me accedis, saluto: 'chaere,' inquam, 'Tite!' lictores, turma omnis chorusque: 'chaere, Tite!' hinc hostis mi Albucius, hinc inimicus. Sed iure Mucius. Ego autem mirari satis non queo unde hoc sit tam insolens domesticarum rerum fastidium. Non est omnino.",IYP-041117-O,Alta,2024-02-15T12:25:58+00:00,Open,79,2024-02-15T12:25:58+00:00,0
60,Leigh Grigg,leigh.grigg@gmail.com,"Epularum nec reliquarum cupiditatum, quas nulla praeda umquam.","Epularum nec reliquarum cupiditatum, quas nulla praeda umquam.","Epularum nec reliquarum cupiditatum, quas nulla praeda umquam.",QMF-153242-W,Baja,2024-03-10T22:30:21+00:00,Closed,17,2024-03-10T22:30:21+00:00,1
61,Elva Allison,elva.allison@hotmail.com,Et Siculis scribere. Facete is.,Et Siculis scribere. Facete is.,Et Siculis scribere. Facete is.,FOP-540468-R,Media,2024-10-11T08:59:13+00:00,Open,99,2024-10-11T08:59:13+00:00,1
62,Joana Bleby,joana.bleby@msn.com,"Greges! Quod fit etiam nunc ab Epicureis. Sed ad haec, nisi molestum est, habeo.","Greges! Quod fit etiam nunc ab Epicureis. Sed ad haec, nisi molestum est, habeo.","Greges! Quod fit etiam nunc ab Epicureis. Sed ad haec, nisi molestum est, habeo.",BFH-610080-N,Baja,2024-04-29T17:07:45+00:00,On Hold,46,2024-04-29T17:07:45+00:00,1
63,Steven Arnott,steven.arnott@aol.com,"Causa; quo nihil posset fieri minus; ita effici complexiones et copulationes et adhaesiones atomorum inter se, ex quo efficeretur mundus omnesque partes.","Causa; quo nihil posset fieri minus; ita effici complexiones et copulationes et adhaesiones atomorum inter se, ex quo efficeretur mundus omnesque partes.","Causa; quo nihil posset fieri minus; ita effici complexiones et copulationes et adhaesiones atomorum inter se, ex quo efficeretur mundus omnesque partes.",QLO-434121-B,Media,2024-03-06T17:42:39+00:00,On Hold,2,2024-03-06T17:42:39+00:00,1
64,Daune Ovington,daune.ovington@yahoo.com,"Amicos quam se ipsos amentur. Etenim si loca, si fana, si urbes, si gymnasia, si campum, si canes, si equos.","Amicos quam se ipsos amentur. Etenim si loca, si fana, si urbes, si gymnasia, si campum, si canes, si equos.","Amicos quam se ipsos amentur. Etenim si loca, si fana, si urbes, si gymnasia, si campum, si canes, si equos.",DGB-396886-N,Alta,2024-08-06T20:28:50+00:00,Open,17,2024-08-06T20:28:50+00:00,0
65,Tildie Piken,tildie.piken@yahoo.com.mx,"Quod modo dicebas, cadere causa, si qui e nostris aliter existimant, quos quidem video esse a nostris non legantur? Quamquam, si plane.","Quod modo dicebas, cadere causa, si qui e nostris aliter existimant, quos quidem video esse a nostris non legantur? Quamquam, si plane.","Quod modo dicebas, cadere causa, si qui e nostris aliter existimant, quos quidem video esse a nostris non legantur? Quamquam, si plane.",ALK-768747-J,Alta,2024-02-22T04:30:21+00:00,In Progress,29,2024-02-22T04:30:21+00:00,1
66,Gavrielle Starsmeare,gavrielle.starsmeare@hotmail.com,Si bona. O praeclaram beate vivendi et apertam et simplicem et directam viam! Cum enim certe nihil homini possit melius esse quam.,Si bona. O praeclaram beate vivendi et apertam et simplicem et directam viam! Cum enim certe nihil homini possit melius esse quam.,Si bona. O praeclaram beate vivendi et apertam et simplicem et directam viam! Cum enim certe nihil homini possit melius esse quam.,XMH-031098-D,Baja,2024-04-23T20:57:11+00:00,In Progress,88,2024-04-23T20:57:11+00:00,1
67,Hansiain Phoebe,hansiain.phoebe@live.fr,"Fonte naturae, si tota oratio nostra omnem sibi fidem sensibus confirmat, id est aliquem convincere. Accurate autem quondam a L. Torquato.","Fonte naturae, si tota oratio nostra omnem sibi fidem sensibus confirmat, id est aliquem convincere. Accurate autem quondam a L. Torquato.","Fonte naturae, si tota oratio nostra omnem sibi fidem sensibus confirmat, id est aliquem convincere. Accurate autem quondam a L. Torquato.",MJN-379675-N,Alta,2024-08-07T08:34:06+00:00,On Hold,49,2024-08-07T08:34:06+00:00,0
68,Toinette Seed,toinette.seed@hotmail.co.uk,"Vel summum bonorum vel ultimum vel extremum -- quod et acutum genus est et expedita distinctio. Nam libero tempore, cum.","Vel summum bonorum vel ultimum vel extremum -- quod et acutum genus est et expedita distinctio. Nam libero tempore, cum.","Vel summum bonorum vel ultimum vel extremum -- quod et acutum genus est et expedita distinctio. Nam libero tempore, cum.",JEF-691843-R,Alta,2024-09-11T16:55:18+00:00,Cancelled,50,2024-09-11T16:55:18+00:00,1
69,Teodorico McVane,teodorico.mcvane@orange.fr,"Summum atque extremum bonorum omnium, beateque vivere nihil aliud sit nisi cum.","Summum atque extremum bonorum omnium, beateque vivere nihil aliud sit nisi cum.","Summum atque extremum bonorum omnium, beateque vivere nihil aliud sit nisi cum.",RWF-900806-I,Media,2024-05-25T17:32:41+00:00,Closed,10,2024-05-25T17:32:41+00:00,1
70,Emmery Giovanizio,emmery.giovanizio@gmail.com,"Inquit, modo ista sis aequitate, quam ostendis. Sed uti oratione perpetua malo quam interrogare aut interrogari. Ut placet, inquam. Tum dicere exorsus est. Primum igitur, inquit, sic agam, ut ipsi.","Inquit, modo ista sis aequitate, quam ostendis. Sed uti oratione perpetua malo quam interrogare aut interrogari. Ut placet, inquam. Tum dicere exorsus est. Primum igitur, inquit, sic agam, ut ipsi.","Inquit, modo ista sis aequitate, quam ostendis. Sed uti oratione perpetua malo quam interrogare aut interrogari. Ut placet, inquam. Tum dicere exorsus est. Primum igitur, inquit, sic agam, ut ipsi.",EXY-834521-P,Alta,2024-01-11T09:37:20+00:00,On Hold,69,2024-01-11T09:37:20+00:00,0
71,Seana Claringbold,seana.claringbold@yahoo.com.br,"Ferre miserum est, ob eamque causam propter voluptatem et dolorem? Sunt autem quidam e nostris, qui haec subtilius velint tradere et negent satis esse, quid bonum sit aut quid iudicat, quo aut petat aut fugiat aliquid, praeter voluptatem et dolorem? Sunt autem quidam e nostris, qui haec subtilius velint tradere et negent satis esse, quid bonum.","Ferre miserum est, ob eamque causam propter voluptatem et dolorem? Sunt autem quidam e nostris, qui haec subtilius velint tradere et negent satis esse, quid bonum sit aut quid iudicat, quo aut petat aut fugiat aliquid, praeter voluptatem et dolorem? Sunt autem quidam e nostris, qui haec subtilius velint tradere et negent satis esse, quid bonum.","Ferre miserum est, ob eamque causam propter voluptatem et dolorem? Sunt autem quidam e nostris, qui haec subtilius velint tradere et negent satis esse, quid bonum sit aut quid iudicat, quo aut petat aut fugiat aliquid, praeter voluptatem et dolorem? Sunt autem quidam e nostris, qui haec subtilius velint tradere et negent satis esse, quid bonum.",OZZ-546653-I,Baja,2024-03-09T01:19:19+00:00,Open,17,2024-03-09T01:19:19+00:00,0
72,Eleanora Davydochkin,eleanora.davydochkin@gmail.com,"Multa habere intervalla requietis, mediocrium nos esse dominos, ut, si tolerabiles sint, feramus, si minus, animo aequo e vita, cum ea non placeat, tamquam e theatro exeamus. Quibus rebus intellegitur nec intemperantiam propter se esse fugiendum.","Multa habere intervalla requietis, mediocrium nos esse dominos, ut, si tolerabiles sint, feramus, si minus, animo aequo e vita, cum ea non placeat, tamquam e theatro exeamus. Quibus rebus intellegitur nec intemperantiam propter se esse fugiendum.","Multa habere intervalla requietis, mediocrium nos esse dominos, ut, si tolerabiles sint, feramus, si minus, animo aequo e vita, cum ea non placeat, tamquam e theatro exeamus. Quibus rebus intellegitur nec intemperantiam propter se esse fugiendum.",GJL-079296-A,Baja,2024-09-23T11:08:43+00:00,Open,5,2024-09-23T11:08:43+00:00,0
73,Colver Philipard,colver.philipard@gmail.com,Conclusionemque rationis et inter mediocrem animadversionem atque admonitionem. Altera occulta.,Conclusionemque rationis et inter mediocrem animadversionem atque admonitionem. Altera occulta.,Conclusionemque rationis et inter mediocrem animadversionem atque admonitionem. Altera occulta.,TNG-750050-B,Baja,2023-12-20T07:37:24+00:00,In Progress,54,2023-12-20T07:37:24+00:00,1
74,Faber Magog,faber.magog@hotmail.com,"Tamquam artifex conquirendae et comparandae voluptatis -- Quam autem ego dicam voluptatem, iam videtis, ne invidia verbi labefactetur oratio mea --. Nam cum ignoratione rerum bonarum.","Tamquam artifex conquirendae et comparandae voluptatis -- Quam autem ego dicam voluptatem, iam videtis, ne invidia verbi labefactetur oratio mea --. Nam cum ignoratione rerum bonarum.","Tamquam artifex conquirendae et comparandae voluptatis -- Quam autem ego dicam voluptatem, iam videtis, ne invidia verbi labefactetur oratio mea --. Nam cum ignoratione rerum bonarum.",GPT-916500-C,Alta,2024-08-23T07:27:29+00:00,On Hold,8,2024-08-23T07:27:29+00:00,1
75,Egan Boteman,egan.boteman@virgilio.it,"Quidem consilio, tuum iudicium ut cognoscerem, quoniam mihi ea facultas, ut id meo arbitratu facerem, ante hoc tempus numquam est et omni sale idem.","Quidem consilio, tuum iudicium ut cognoscerem, quoniam mihi ea facultas, ut id meo arbitratu facerem, ante hoc tempus numquam est et omni sale idem.","Quidem consilio, tuum iudicium ut cognoscerem, quoniam mihi ea facultas, ut id meo arbitratu facerem, ante hoc tempus numquam est et omni sale idem.",QPL-890002-Q,Alta,2024-01-09T10:21:51+00:00,Cancelled,69,2024-01-09T10:21:51+00:00,0
76,Kleon Frye,kleon.frye@yahoo.com,"Qui liber cum et mortem contemnit, qua qui utuntur, benivolentiam sibi conciliant et.","Qui liber cum et mortem contemnit, qua qui utuntur, benivolentiam sibi conciliant et.","Qui liber cum et mortem contemnit, qua qui utuntur, benivolentiam sibi conciliant et.",IYK-652281-Y,Media,2024-11-05T05:35:10+00:00,Resolved,81,2024-11-05T05:35:10+00:00,1
77,Gualterio Sartain,gualterio.sartain@hotmail.com,"Tollit definitiones, nihil de dividendo ac partiendo docet, non quo modo efficiatur concludaturque ratio tradit, non qua via captiosa solvantur ambigua distinguantur ostendit; iudicia rerum in sensibus ponit, quibus si semel aliquid falsi pro vero probatum sit, sublatum esse omne iudicium veri et falsi putat. Confirmat autem illud vel maxime, quod ipsa natura divitias, quibus contenta.","Tollit definitiones, nihil de dividendo ac partiendo docet, non quo modo efficiatur concludaturque ratio tradit, non qua via captiosa solvantur ambigua distinguantur ostendit; iudicia rerum in sensibus ponit, quibus si semel aliquid falsi pro vero probatum sit, sublatum esse omne iudicium veri et falsi putat. Confirmat autem illud vel maxime, quod ipsa natura divitias, quibus contenta.","Tollit definitiones, nihil de dividendo ac partiendo docet, non quo modo efficiatur concludaturque ratio tradit, non qua via captiosa solvantur ambigua distinguantur ostendit; iudicia rerum in sensibus ponit, quibus si semel aliquid falsi pro vero probatum sit, sublatum esse omne iudicium veri et falsi putat. Confirmat autem illud vel maxime, quod ipsa natura divitias, quibus contenta.",UDC-688906-F,Baja,2024-04-23T05:05:23+00:00,On Hold,76,2024-04-23T05:05:23+00:00,0
78,Kata Shoreman,kata.shoreman@yahoo.com,Fruentem et animo et corpore voluptatibus.,Fruentem et animo et corpore voluptatibus.,Fruentem et animo et corpore voluptatibus.,KWM-521974-Y,Baja,2024-06-30T13:56:34+00:00,Closed,3,2024-06-30T13:56:34+00:00,1
79,Raphael Ollerearnshaw,raphael.ollerearnshaw@yahoo.com,"Malarum maxime hominum vita vexetur, ob eumque errorem et voluptatibus maximis saepe priventur et durissimis animi doloribus torqueantur, sapientia est adhibenda, quae et terroribus cupiditatibusque detractis et omnium falsarum opinionum temeritate derepta certissimam se nobis ducem.","Malarum maxime hominum vita vexetur, ob eumque errorem et voluptatibus maximis saepe priventur et durissimis animi doloribus torqueantur, sapientia est adhibenda, quae et terroribus cupiditatibusque detractis et omnium falsarum opinionum temeritate derepta certissimam se nobis ducem.","Malarum maxime hominum vita vexetur, ob eumque errorem et voluptatibus maximis saepe priventur et durissimis animi doloribus torqueantur, sapientia est adhibenda, quae et terroribus cupiditatibusque detractis et omnium falsarum opinionum temeritate derepta certissimam se nobis ducem.",PJQ-417326-K,Baja,2024-01-08T06:47:59+00:00,Resolved,29,2024-01-08T06:47:59+00:00,0
80,Dane Geroldo,dane.geroldo@ig.com.br,"Molestiam dolor afferat, eorum tamen utrumque et ortum esse e.","Molestiam dolor afferat, eorum tamen utrumque et ortum esse e.","Molestiam dolor afferat, eorum tamen utrumque et ortum esse e.",UAY-046778-W,Alta,2024-02-20T15:36:45+00:00,Closed,18,2024-02-20T15:36:45+00:00,1
81,Urban Jeremiah,urban.jeremiah@yahoo.com,"Disseretur inter principes civitatis, P. Scaevolam M'.que Manilium, ab iisque M. Brutus dissentiet -- quod.","Disseretur inter principes civitatis, P. Scaevolam M'.que Manilium, ab iisque M. Brutus dissentiet -- quod.","Disseretur inter principes civitatis, P. Scaevolam M'.que Manilium, ab iisque M. Brutus dissentiet -- quod.",CIP-185936-L,Alta,2024-09-23T14:30:39+00:00,Resolved,50,2024-09-23T14:30:39+00:00,0
82,Wanda Tullot,wanda.tullot@yahoo.com,"Tale metuamus. Iam illud quidem adduci vix possum, ut ea, quae audiebamus, conferebamus.","Tale metuamus. Iam illud quidem adduci vix possum, ut ea, quae audiebamus, conferebamus.","Tale metuamus. Iam illud quidem adduci vix possum, ut ea, quae audiebamus, conferebamus.",YQY-564961-Y,Baja,2024-09-30T15:26:23+00:00,Closed,79,2024-09-30T15:26:23+00:00,1
83,Nowell Georgiades,nowell.georgiades@msn.com,Corpora ferri deorsum suo pondere.,Corpora ferri deorsum suo pondere.,Corpora ferri deorsum suo pondere.,QCM-050695-O,Baja,2024-05-09T05:50:34+00:00,Cancelled,86,2024-05-09T05:50:34+00:00,1
84,Jacky Koppe,jacky.koppe@yahoo.com.br,Causa aut dolores suscipiantur maiorum dolorum effugiendorum gratia. Sed de clarorum hominum factis illustribus et gloriosis satis hoc loco dictum sit. Erit enim iam.,Causa aut dolores suscipiantur maiorum dolorum effugiendorum gratia. Sed de clarorum hominum factis illustribus et gloriosis satis hoc loco dictum sit. Erit enim iam.,Causa aut dolores suscipiantur maiorum dolorum effugiendorum gratia. Sed de clarorum hominum factis illustribus et gloriosis satis hoc loco dictum sit. Erit enim iam.,GYJ-054167-P,Media,2023-12-15T18:51:39+00:00,On Hold,61,2023-12-15T18:51:39+00:00,1
85,Wood Bartolomeotti,wood.bartolomeotti@gmail.com,"Tamen eius modi tempora incidunt, ut labore et dolore magna aliqua. Ut enim ad minima veniam, quis nostrum exercitationem ullam corporis suscipit laboriosam, nisi ut aliquip ex ea commodi consequatur? Quis autem vel eum iure reprehenderit.","Tamen eius modi tempora incidunt, ut labore et dolore magna aliqua. Ut enim ad minima veniam, quis nostrum exercitationem ullam corporis suscipit laboriosam, nisi ut aliquip ex ea commodi consequatur? Quis autem vel eum iure reprehenderit.","Tamen eius modi tempora incidunt, ut labore et dolore magna aliqua. Ut enim ad minima veniam, quis nostrum exercitationem ullam corporis suscipit laboriosam, nisi ut aliquip ex ea commodi consequatur? Quis autem vel eum iure reprehenderit.",MGO-195957-H,Baja,2024-03-09T10:09:39+00:00,In Progress,68,2024-03-09T10:09:39+00:00,0
86,Hayden Hynam,hayden.hynam@yahoo.com,"Quam omnia iudicia rerum in sensibus ponit, quibus si semel aliquid falsi pro vero probatum sit, sublatum esse.","Quam omnia iudicia rerum in sensibus ponit, quibus si semel aliquid falsi pro vero probatum sit, sublatum esse.","Quam omnia iudicia rerum in sensibus ponit, quibus si semel aliquid falsi pro vero probatum sit, sublatum esse.",NJS-486422-P,Baja,2024-01-03T19:19:55+00:00,In Progress,6,2024-01-03T19:19:55+00:00,1
87,Mireielle Brayshaw,mireielle.brayshaw@gmail.com,"Ita, quae mutat, ea corrumpit, quae sequitur sunt tota Democriti, atomi, inane, imagines, quae eidola nominant, quorum incursione non solum praesentibus fruuntur, sed etiam cogitemus; infinitio ipsa, quam.","Ita, quae mutat, ea corrumpit, quae sequitur sunt tota Democriti, atomi, inane, imagines, quae eidola nominant, quorum incursione non solum praesentibus fruuntur, sed etiam cogitemus; infinitio ipsa, quam.","Ita, quae mutat, ea corrumpit, quae sequitur sunt tota Democriti, atomi, inane, imagines, quae eidola nominant, quorum incursione non solum praesentibus fruuntur, sed etiam cogitemus; infinitio ipsa, quam.",UYY-868840-V,Media,2024-01-08T08:51:43+00:00,Cancelled,26,2024-01-08T08:51:43+00:00,0
88,Aguistin Gearty,aguistin.gearty@gmail.com,"Fortibus viris commemorandis eorumque factis non emolumento aliquo, sed ipsius honestatis decore laudandis, id totum evertitur eo delectu rerum, quem.","Fortibus viris commemorandis eorumque factis non emolumento aliquo, sed ipsius honestatis decore laudandis, id totum evertitur eo delectu rerum, quem.","Fortibus viris commemorandis eorumque factis non emolumento aliquo, sed ipsius honestatis decore laudandis, id totum evertitur eo delectu rerum, quem.",SAD-196282-T,Media,2023-11-25T11:45:44+00:00,Open,72,2023-11-25T11:45:44+00:00,1
89,Cristionna Sparshutt,cristionna.sparshutt@gmail.com,"Hausta e fonte naturae, si tota oratio nostra omnem sibi fidem sensibus confirmat, id.","Hausta e fonte naturae, si tota oratio nostra omnem sibi fidem sensibus confirmat, id.","Hausta e fonte naturae, si tota oratio nostra omnem sibi fidem sensibus confirmat, id.",PFI-792315-U,Media,2024-05-22T13:15:43+00:00,In Progress,89,2024-05-22T13:15:43+00:00,1
90,Donny McBryde,donny.mcbryde@gmail.com,"Ut urbanitas summa appareat, doctrina mediocris. Ego autem quem timeam lectorem, cum ad te ne Graecis quidem cedentem in philosophia audeam scribere? Quamquam a te ipso.","Ut urbanitas summa appareat, doctrina mediocris. Ego autem quem timeam lectorem, cum ad te ne Graecis quidem cedentem in philosophia audeam scribere? Quamquam a te ipso.","Ut urbanitas summa appareat, doctrina mediocris. Ego autem quem timeam lectorem, cum ad te ne Graecis quidem cedentem in philosophia audeam scribere? Quamquam a te ipso.",FVZ-300445-Y,Media,2023-12-07T06:05:04+00:00,Cancelled,35,2023-12-07T06:05:04+00:00,1
91,Herta Grinval,herta.grinval@hotmail.com,"Effecerit, tum amorem efflorescere tantum, ut, etiamsi nulla sit utilitas.","Effecerit, tum amorem efflorescere tantum, ut, etiamsi nulla sit utilitas.","Effecerit, tum amorem efflorescere tantum, ut, etiamsi nulla sit utilitas.",ACT-085046-X,Media,2024-07-18T12:42:09+00:00,Cancelled,70,2024-07-18T12:42:09+00:00,1
92,Dyane Izkovitch,dyane.izkovitch@hotmail.com,"In hominem maximi cadere possunt, nulla spe proposita fore levius aliquando, nulla praeterea neque praesenti nec expectata voluptate, quid eo miserius.","In hominem maximi cadere possunt, nulla spe proposita fore levius aliquando, nulla praeterea neque praesenti nec expectata voluptate, quid eo miserius.","In hominem maximi cadere possunt, nulla spe proposita fore levius aliquando, nulla praeterea neque praesenti nec expectata voluptate, quid eo miserius.",KLV-349902-E,Baja,2024-08-29T03:29:27+00:00,Closed,83,2024-08-29T03:29:27+00:00,0
93,Uriel Pretsell,uriel.pretsell@yahoo.com.mx,"Mediocrium nos esse dominos, ut, si tolerabiles sint, feramus, si.","Mediocrium nos esse dominos, ut, si tolerabiles sint, feramus, si.","Mediocrium nos esse dominos, ut, si tolerabiles sint, feramus, si.",DKA-585741-L,Baja,2024-08-11T01:16:19+00:00,Cancelled,49,2024-08-11T01:16:19+00:00,1
94,Ofella Klug,ofella.klug@laposte.net,"Quid sit, quod Epicurum nostrum non tu.","Quid sit, quod Epicurum nostrum non tu.","Quid sit, quod Epicurum nostrum non tu.",HPB-221194-W,Alta,2023-11-18T11:11:59+00:00,Resolved,51,2023-11-18T11:11:59+00:00,1
95,Kenyon Keele,kenyon.keele@gmail.com,"Poetae fabulas, male, credo, mererer de meis civibus, si ad eorum cognitionem divina illa ingenia transferrem. Sed id neque feci adhuc nec mihi tamen, ne faciam, interdictum puto. Locos quidem quosdam, si videbitur, transferam, et maxime.","Poetae fabulas, male, credo, mererer de meis civibus, si ad eorum cognitionem divina illa ingenia transferrem. Sed id neque feci adhuc nec mihi tamen, ne faciam, interdictum puto. Locos quidem quosdam, si videbitur, transferam, et maxime.","Poetae fabulas, male, credo, mererer de meis civibus, si ad eorum cognitionem divina illa ingenia transferrem. Sed id neque feci adhuc nec mihi tamen, ne faciam, interdictum puto. Locos quidem quosdam, si videbitur, transferam, et maxime.",SUP-517247-R,Media,2024-02-21T17:31:50+00:00,Open,34,2024-02-21T17:31:50+00:00,0
96,Flo Hanford,flo.hanford@yahoo.com,Ipse dissidens secumque discordans gustare partem.,Ipse dissidens secumque discordans gustare partem.,Ipse dissidens secumque discordans gustare partem.,CCK-738300-A,Baja,2024-01-13T22:13:56+00:00,Resolved,56,2024-01-13T22:13:56+00:00,1
97,Thornton Haill,thornton.haill@msn.com,"Commemorandis eorumque factis non emolumento aliquo, sed ipsius honestatis decore laudandis, id totum evertitur eo.","Commemorandis eorumque factis non emolumento aliquo, sed ipsius honestatis decore laudandis, id totum evertitur eo.","Commemorandis eorumque factis non emolumento aliquo, sed ipsius honestatis decore laudandis, id totum evertitur eo.",ROA-439274-Q,Baja,2024-05-08T16:50:19+00:00,On Hold,37,2024-05-08T16:50:19+00:00,0
98,Barny Roddick,barny.roddick@yahoo.co.in,"Cognomen invenerit, aut torquem illum hosti detraxisse, ut aliquam ex eo perciperet corpore voluptatem, aut cum Latinis tertio consulatu conflixisse apud Veserim propter voluptatem; quod vero securi percussit filium, privavisse se etiam videtur multis voluptatibus, cum ipsi naturae patrioque amori praetulerit ius maiestatis atque imperii. Quid? T. Torquatus.","Cognomen invenerit, aut torquem illum hosti detraxisse, ut aliquam ex eo perciperet corpore voluptatem, aut cum Latinis tertio consulatu conflixisse apud Veserim propter voluptatem; quod vero securi percussit filium, privavisse se etiam videtur multis voluptatibus, cum ipsi naturae patrioque amori praetulerit ius maiestatis atque imperii. Quid? T. Torquatus.","Cognomen invenerit, aut torquem illum hosti detraxisse, ut aliquam ex eo perciperet corpore voluptatem, aut cum Latinis tertio consulatu conflixisse apud Veserim propter voluptatem; quod vero securi percussit filium, privavisse se etiam videtur multis voluptatibus, cum ipsi naturae patrioque amori praetulerit ius maiestatis atque imperii. Quid? T. Torquatus.",WUE-084994-Q,Alta,2024-08-22T00:29:03+00:00,Cancelled,59,2024-08-22T00:29:03+00:00,0
99,Vincenz Southerton,vincenz.southerton@rocketmail.com,"Miseram vitam afferre momenti quam eorum utrumvis, si aeque diu sit in corpore. Non placet autem detracta voluptate aegritudinem statim consequi, nisi in voluptatis locum dolor forte successerit, at contra gaudere nosmet omittendis doloribus, etiamsi voluptas ea, quae dixi, sole.","Miseram vitam afferre momenti quam eorum utrumvis, si aeque diu sit in corpore. Non placet autem detracta voluptate aegritudinem statim consequi, nisi in voluptatis locum dolor forte successerit, at contra gaudere nosmet omittendis doloribus, etiamsi voluptas ea, quae dixi, sole.","Miseram vitam afferre momenti quam eorum utrumvis, si aeque diu sit in corpore. Non placet autem detracta voluptate aegritudinem statim consequi, nisi in voluptatis locum dolor forte successerit, at contra gaudere nosmet omittendis doloribus, etiamsi voluptas ea, quae dixi, sole.",DZH-474621-J,Media,2024-09-17T03:32:15+00:00,Cancelled,87,2024-09-17T03:32:15+00:00,0
100,Ban Shalcros,ban.shalcros@aol.com,"Leviora, ut urbanitas summa appareat, doctrina mediocris.","Leviora, ut urbanitas summa appareat, doctrina mediocris.","Leviora, ut urbanitas summa appareat, doctrina mediocris.",GRB-116300-S,Alta,2024-06-19T05:09:04+00:00,In Progress,80,2024-06-19T05:09:04+00:00,1
